DELETE FROM order_items;
DELETE FROM orders;
DELETE FROM cart_items;
DELETE FROM carts;
DELETE FROM product_images;
DELETE FROM products;
DELETE FROM category;
DELETE FROM users;

-- Users (password = BCrypt hash of "password123")
INSERT INTO users (id, email, username, password, first_name, last_name, role, is_blocked, created_at, updated_at) VALUES
('a0000000-0000-0000-0000-000000000001', 'admin@market.com', 'admin', '$2a$10$FDstpE.x/Z13SKOrP7bHDO5PlWz6B17l0YXWbCswoCKU.1sEE1GJK', 'Admin', 'Adminov', 'ROLE_ADMIN', false, now(), now()),
('a0000000-0000-0000-0000-000000000002', 'ivan@mail.com', 'ivan', '$2a$10$FDstpE.x/Z13SKOrP7bHDO5PlWz6B17l0YXWbCswoCKU.1sEE1GJK', 'Ivan', 'Petrov', 'ROLE_USER', false, now(), now()),
('a0000000-0000-0000-0000-000000000003', 'maria@mail.com', 'maria', '$2a$10$FDstpE.x/Z13SKOrP7bHDO5PlWz6B17l0YXWbCswoCKU.1sEE1GJK', 'Maria', 'Sidorova', 'ROLE_USER', false, now(), now()),
('a0000000-0000-0000-0000-000000000004', 'blocked@mail.com', 'blocked_user', '$2a$10$FDstpE.x/Z13SKOrP7bHDO5PlWz6B17l0YXWbCswoCKU.1sEE1GJK', 'Blocked', 'User', 'ROLE_USER', true, now(), now());

-- Categories
INSERT INTO category (id, name) VALUES
('11111111-1111-1111-1111-111111111111', 'Электроника'),
('22222222-2222-2222-2222-222222222222', 'Книги'),
('33333333-3333-3333-3333-333333333333', 'Одежда'),
('44444444-4444-4444-4444-444444444444', 'Дом и сад');

-- Products
INSERT INTO products (id, name, description, price, stock_quantity, category_id, deleted, created_at, updated_at) VALUES
('10000000-0000-0000-0000-000000000001', 'iPhone 17', 'Последний смартфон от Apple', 72000, 10, '11111111-1111-1111-1111-111111111111', false, now(), now()),
('10000000-0000-0000-0000-000000000002', 'Ноутбук HP Laptop', 'Мощный ноутбук', 49990, 5, '11111111-1111-1111-1111-111111111111', false, now(), now()),
('10000000-0000-0000-0000-000000000003', 'Spring in Action', 'Книга по Spring Framework', 4110, 20, '22222222-2222-2222-2222-222222222222', false, now(), now()),
('10000000-0000-0000-0000-000000000004', 'Базовая футболка', 'Футболка из хлопка', 1500, 50, '33333333-3333-3333-3333-333333333333', false, now(), now()),
('10000000-0000-0000-0000-000000000005', 'Samsung Galaxy S26 Ultra', 'Флагманский телефон Android', 125000, 15, '11111111-1111-1111-1111-111111111111', false, now(), now()),
('10000000-0000-0000-0000-000000000006', 'Чистый код', 'Классика Роберта Мартина', 1400, 30, '22222222-2222-2222-2222-222222222222', false, now(), now()),
('10000000-0000-0000-0000-000000000007', 'Широкие джинсы', 'Широкие серые джинсы унисекс из хлопкового денима с эффектом потертости', 4999, 25, '33333333-3333-3333-3333-333333333333', false, now(), now()),
('10000000-0000-0000-0000-000000000008', 'Набор инструментов для сада', 'Набор со всеми необходимыми инструментами для сада', 79, 12, '44444444-4444-4444-4444-444444444444', false, now(), now()),
('10000000-0000-0000-0000-000000000009', 'Удаленный продукт', 'Этот продукт был удален', 800, 0, '11111111-1111-1111-1111-111111111111', true, now(), now());

-- Product Images
INSERT INTO product_images (id, product_id, image_url, is_main) VALUES
('20000000-0000-0000-0000-000000000001', '10000000-0000-0000-0000-000000000001', '/uploads/products/iphone17_main.jpg', true),
('20000000-0000-0000-0000-000000000002', '10000000-0000-0000-0000-000000000001', '/uploads/products/iphone17_2.jpg', false),
('20000000-0000-0000-0000-000000000010', '10000000-0000-0000-0000-000000000001', '/uploads/products/iphone17_3.jpg', false),
('20000000-0000-0000-0000-000000000003', '10000000-0000-0000-0000-000000000002', '/uploads/products/hp_laptop_main.jpg', true),
('20000000-0000-0000-0000-000000000004', '10000000-0000-0000-0000-000000000003', '/uploads/products/spring_book_main.jpg', true),
('20000000-0000-0000-0000-000000000005', '10000000-0000-0000-0000-000000000004', '/uploads/products/tshirt_main.jpg', true),
('20000000-0000-0000-0000-000000000006', '10000000-0000-0000-0000-000000000005', '/uploads/products/samsung_s26_ultra_main.jpg', true),
('20000000-0000-0000-0000-000000000007', '10000000-0000-0000-0000-000000000006', '/uploads/products/clean_code_main.jpg', true),
('20000000-0000-0000-0000-000000000008', '10000000-0000-0000-0000-000000000007', '/uploads/products/jeans_main.jpg', true),
('20000000-0000-0000-0000-000000000009', '10000000-0000-0000-0000-000000000008', '/uploads/products/garden_tools_set_main.jpg', true);

-- Carts
INSERT INTO carts (id, user_id) VALUES
('30000000-0000-0000-0000-000000000001', 'a0000000-0000-0000-0000-000000000002'),
('30000000-0000-0000-0000-000000000002', 'a0000000-0000-0000-0000-000000000003');

-- Cart Items
INSERT INTO cart_items (id, cart_id, product_id, quantity) VALUES
('40000000-0000-0000-0000-000000000001', '30000000-0000-0000-0000-000000000001', '10000000-0000-0000-0000-000000000001', 1),
('40000000-0000-0000-0000-000000000002', '30000000-0000-0000-0000-000000000001', '10000000-0000-0000-0000-000000000003', 2),
('40000000-0000-0000-0000-000000000003', '30000000-0000-0000-0000-000000000002', '10000000-0000-0000-0000-000000000005', 1);

-- Orders
INSERT INTO orders (id, user_id, status, delivery_address, created_at, updated_at) VALUES
('50000000-0000-0000-0000-000000000001', 'a0000000-0000-0000-0000-000000000002', 'COMPLETED', 'Moscow, Tverskaya 10, apt 5', now(), now()),
('50000000-0000-0000-0000-000000000002', 'a0000000-0000-0000-0000-000000000002', 'SHIPPED', 'Moscow, Tverskaya 10, apt 5', now(), now()),
('50000000-0000-0000-0000-000000000003', 'a0000000-0000-0000-0000-000000000003', 'CREATED', 'SPb, Nevsky 25, apt 12', now(), now()),
('50000000-0000-0000-0000-000000000004', 'a0000000-0000-0000-0000-000000000003', 'CANCELLED', 'SPb, Nevsky 25, apt 12', now(), now());

-- Order Items
INSERT INTO order_items (id, order_id, product_id, quantity, price_at_purchase) VALUES
('60000000-0000-0000-0000-000000000001', '50000000-0000-0000-0000-000000000001', '10000000-0000-0000-0000-000000000002', 1, 1499.00),
('60000000-0000-0000-0000-000000000002', '50000000-0000-0000-0000-000000000001', '10000000-0000-0000-0000-000000000004', 3, 19.99),
('60000000-0000-0000-0000-000000000003', '50000000-0000-0000-0000-000000000002', '10000000-0000-0000-0000-000000000001', 1, 999.99),
('60000000-0000-0000-0000-000000000004', '50000000-0000-0000-0000-000000000003', '10000000-0000-0000-0000-000000000006', 2, 39.99),
('60000000-0000-0000-0000-000000000005', '50000000-0000-0000-0000-000000000003', '10000000-0000-0000-0000-000000000007', 1, 59.99),
('60000000-0000-0000-0000-000000000006', '50000000-0000-0000-0000-000000000004', '10000000-0000-0000-0000-000000000008', 1, 79.90);
